Id;Nombre;Apellido1;Apellido2;Sexo;Usuario;Contraseña;Correo;Nacimiento;Edad;Ingresos;Divorcio;NumeroLikesRecibidos;NumeroLikesOtorgados;NumeroMatches;Estado;Orientacion
1;Rafael;De Pedro;Peña;H;depedro9;[je4Wg34BEv7qSh;depedro9@mail.com;3/02/1970;49;292,84;No Aplica;11;9;1;Inactivo;Heterosexual
2;Ramón;Dueñas;Cruz;H;rdueñas;"&Y}tuFfU;R4T?fK";rdueñas@correo.es;13/02/1943;76;266,27;No Aplica;19;48;1;Disponible;Heterosexual
3;Carlos;Vega;Hernández;H;vega57;MK}4g,kYG@5Dc*d;vega57@email.com;26/05/1947;72;415,86;No Aplica;29;54;2;Inactivo;Heterosexual
4;Antonio;Barragán;Zarza;H;antbarragan51;w5{Xaakp[bRF/*[;antbarragan51@correo.es;28/07/1940;79;707,02;No Aplica;23;32;2;Disponible;Heterosexual
5;María Josefa;Ramos;Gargallo;M;marramos;2{p[XBkr[WqNZRX;marramos@email.es;12/09/1947;72;;NO;1;11;0;Inactivo;Heterosexual
6;Juan José;Estébanez;Caamaño;H;juanjoseestebanez40;rGy.R#+xGj}ecWe;juanjoseestebanez40@email.es;4/08/1943;76;192,7;No Aplica;72;79;7;Inactivo;Heterosexual
7;María Teresa;Perea;Pulido;M;mar.perea;#@n3Qb?yGn*S5hi;mar.perea@email.com;12/09/1936;83;;SI;4;50;0;Inactivo;Heterosexual
8;David;Manjón;Fernández;H;david.manjon;";xKCf}ZaJB}__N&";david.manjon@mail.net;2/04/1960;59;592,29;No Aplica;85;18;2;Disponible;Heterosexual
9;Pedro;Cueva;Gras;H;cueva55;@.ZSa{/[WX?Pzb};cueva55@email.es;28/02/1991;28;372,83;No Aplica;3;84;0;Inactivo;Heterosexual
10;Alberto;González;Luna;H;gonzalez93;ZqiXD@Yp?Ay6+P.;gonzalez93@email.es;6/09/1973;46;532,28;No Aplica;62;50;1;Inactivo;Heterosexual
11;Laura;Navarro;Valle;M;l.navarro;"9S.k;ePBB?)d8r#";l.navarro@mail.es;16/10/1941;78;;NO;33;18;2;Inactivo;Heterosexual
12;Carlos;Del Rio;González;H;carlos.delrio;"xxf7ZKN-Wu;TS$q";carlos.delrio@correo.es;7/04/1981;38;65,89;No Aplica;11;54;0;Disponible;Heterosexual
13;Luis;Muñoz;Molina;H;luimuñoz;S_:vAF!H,z.*&MM;luimuñoz@mail.net;1/10/1943;76;748,87;No Aplica;44;7;1;Disponible;Heterosexual
14;José Manuel;Jaén;Cascales;H;josjaen;j[nVqVcYYgGE)7X;josjaen@mail.com;1/02/1936;83;271,64;No Aplica;41;42;6;Disponible;Heterosexual
15;Carmen;Polo;Herrera;M;carmenpolo;"r{EHH!K;V:V)Kg=";carmenpolo@correo.com;7/03/1942;77;;NO;3;40;0;Disponible;Heterosexual
16;Rocío;Dimitrov;García;M;dimitrov97;"Nz7tzqdnGLi#;=(";dimitrov97@mail.com;16/01/1998;21;;SI;87;64;2;Disponible;Heterosexual
17;Pilar;Varela;García;M;pvarela;q-Za.R)C/Y4z$fS;pvarela@correo.net;19/02/1944;75;;SI;57;79;0;Inactivo;Heterosexual
18;Manuel;Díaz;Iglesias;H;manueldiaz12;AgQkPS,3wg$GYTX;manueldiaz12@mail.es;22/10/1942;77;440,68;No Aplica;93;22;2;Inactivo;Heterosexual
19;María;Rama;Gil;M;mrama;L=y&+HbiFMPpha%;mrama@mail.com;12/08/1955;64;;SI;63;6;1;Disponible;Heterosexual
20;Ángel;Estrella;Bermejo;H;angelestrella55;uM$/]Wv8WPAGpCz;angelestrella55@email.net;11/09/1982;37;424,37;No Aplica;87;97;10;Disponible;Heterosexual
21;José Luis;Muñiz;Carranza;H;muñiz84;jjZJ{SQDSQtMv={;muñiz84@correo.net;11/10/1960;59;442,75;No Aplica;53;83;2;Disponible;Heterosexual
22;María Teresa;García;Noguera;M;mar.garcia;"%iitRf3L;QVZrCG";mar.garcia@correo.com;26/11/1965;53;;SI;97;45;1;Inactivo;Heterosexual
23;Inmaculada;Nieves;Suarez;M;inmnieves;:&=T-Tb:hHM*hjU;inmnieves@mail.com;23/10/1963;56;;NO;81;92;7;Disponible;Heterosexual
24;Diego;Julián;Flores;H;diegojulian37;2iVy!j#?*N&&:5];diegojulian37@mail.com;20/06/1974;45;68,85;No Aplica;59;29;4;Inactivo;Heterosexual
25;José Luis;Morales;Puertas;H;josmorales;!x-,iDPkq6GXhA9;josmorales@mail.net;12/07/1998;21;490,26;No Aplica;84;10;1;Disponible;Heterosexual
26;María Ángeles;Miras;Castellanos;M;mmiras;X$3umv=rk*[rA(k;mmiras@email.com;7/08/1965;54;;NO;54;50;8;Disponible;Heterosexual
27;Alejandro;Duran;Fernández;H;duran68;)!hqP_XS#{LScbw;duran68@correo.es;16/10/1941;78;130,07;No Aplica;33;71;0;Inactivo;Heterosexual
28;Antonio;Rodríguez;Hernández;H;antonio.rodriguez;Q&9uX=J)nM69PX,;antonio.rodriguez@mail.es;14/07/1998;21;989,04;No Aplica;59;62;9;Inactivo;Heterosexual
29;Carlos;Rodríguez;Fernández;H;crodriguez64;"5%K@tG:;{J_n+jJ";crodriguez64@email.net;27/12/1971;47;499,89;No Aplica;50;83;3;Inactivo;Heterosexual
30;María Ángeles;Fernández;Hernández;M;mariaangelesfernandez;(-AjK/vh#SkrQg];mariaangelesfernandez@email.com;5/01/1987;32;;NO;55;39;3;Disponible;Heterosexual
31;Javier;Gutiérrez;Alvarado;H;javiergutierrez24;g},{rQeGv4tzM+[;javiergutierrez24@email.net;26/11/1988;30;679,81;No Aplica;66;20;0;Inactivo;Heterosexual
32;Isabel;Díaz;Rusu;M;isabeldiaz;dE8gR]H6Q+Z#9mh;isabeldiaz@email.net;13/10/1985;34;;SI;57;21;2;Disponible;Heterosexual
33;Antonio;Quintana;Gil;H;aquintana61;Tz$m&rTJg!+@_CM;aquintana61@email.net;25/09/1936;83;440,97;No Aplica;44;26;4;Disponible;Heterosexual
34;María Carmen;Puebla;Sánchez;M;mpuebla;",6F@K3S[b.pw;!!";mpuebla@email.com;8/04/1983;36;;NO;69;62;4;Disponible;Heterosexual
35;Josefa;Gómez;García;M;gomez30;}pmYkf?uGv)?%YD;gomez30@mail.com;14/08/1982;37;;SI;91;25;1;Disponible;Heterosexual
36;Milagros;López;Cañas;M;milagroslopez;G%u6SafJfDNHSP2;milagroslopez@correo.com;14/07/1940;79;;NO;27;10;1;Disponible;Heterosexual
37;Juana;Peláez;Zorrilla;M;juanapelaez;+R!9pVMAw8MN4jU;juanapelaez@mail.com;5/05/1994;25;;SI;38;18;2;Disponible;Heterosexual
38;Lucia;Carretero;Domínguez;M;luciacarretero;Tn{x=z$x5mthqyk;luciacarretero@mail.es;1/09/1995;24;;SI;81;20;1;Inactivo;Heterosexual
39;María Isabel;Saiz;Martin;M;saiz25;";=;t#r:nbweR%jT";saiz25@correo.com;10/09/1995;24;;NO;71;71;11;Inactivo;Heterosexual
40;María Dolores;Sánchez;Sánchez;M;mariadoloressanchez;Ez/My]nqwVJJZe&;mariadoloressanchez@correo.net;20/11/1957;61;;NO;38;6;1;Inactivo;Heterosexual
41;Milagros;Muñiz;Rubio;M;mmuñiz35;+LXikc6c2,mA7MJ;mmuñiz35@email.es;9/08/1958;61;;NO;47;97;0;Disponible;Heterosexual
42;Manuel;Arellano;Solís;H;manuelarellano;&zHgVj}P.AJ7XRW;manuelarellano@mail.es;27/10/1964;55;655,64;No Aplica;32;65;5;Disponible;Heterosexual
43;José Luis;Martínez;Cruces;H;martinez74;/CG+2G*H]2)JtU_;martinez74@mail.com;20/07/1974;45;931,84;No Aplica;71;63;1;Inactivo;Heterosexual
44;Vicente;García;Esteban;H;garcia24;nzdvJM3:UwXMfZ@;garcia24@correo.com;29/07/1971;48;810,01;No Aplica;61;22;2;Inactivo;Heterosexual
45;María;Barroso;Pérez;M;mar.barroso;H4/:NcF@6#+5kR8;mar.barroso@correo.es;17/02/1964;55;;SI;69;66;1;Disponible;Heterosexual
46;Mercedes;González;Agüera;M;mergonzalez;3?uD&e22g+[%8]B;mergonzalez@email.es;14/07/1954;65;;NO;76;72;7;Disponible;Heterosexual
47;Catalina;Arrizabalaga;Bosch;M;catalinaarrizabalaga54;ZMFauL7NR$cCG}i;catalinaarrizabalaga54@correo.net;3/12/1943;75;;SI;76;30;1;Disponible;Heterosexual
48;Miguel Ángel;Trinidad;Moreno;H;miguelangel.trinidad;9zn=bW:!_/e#?WX;miguelangel.trinidad@email.es;18/01/1994;25;856,05;No Aplica;20;6;1;Disponible;Heterosexual
49;Rafael;Ordoñez;Gaspar;H;rafordoñez;+Uj5Y$G*6g6_!Cr;rafordoñez@mail.es;1/11/1963;55;686,57;No Aplica;57;58;3;Disponible;Heterosexual
50;María Carmen;González;Gómez;M;gonzalez77;fb?*mV32XNt=Pvb;gonzalez77@correo.net;11/12/1969;49;;SI;96;67;8;Inactivo;Heterosexual
51;Ana María;Pérez;Pose;M;anperez;)kxKMHuJh]W,%}a;anperez@email.es;31/03/1970;49;;NO;52;88;6;Disponible;Heterosexual
52;María Mar;Ribas;Gómez;M;marribas;]v6(DrV.{3-#UYY;marribas@correo.net;24/03/1942;77;;NO;91;12;2;Inactivo;Heterosexual
53;Álvaro;García;Sánchez;H;alv.garcia;+dNerBh.YYN-7Cc;alv.garcia@correo.com;3/03/1991;28;104,86;No Aplica;60;29;1;Disponible;Heterosexual
54;Miguel Ángel;Bayona;Piris;H;miguebayona;ZC{5*d}6)xxe?pa;miguebayona@email.net;7/09/1953;66;999,28;No Aplica;6;90;0;Inactivo;Heterosexual
55;Rocío;Jiménez;Cortes;M;r.jimenez;c${:M[{Mb-3+X,W;r.jimenez@correo.net;17/02/1939;80;;NO;28;22;0;Disponible;Heterosexual
56;Salvador;Aguilar;Reyes;H;salvadoraguilar;";KC)USZUWP;Kzcv";salvadoraguilar@correo.net;15/02/1935;84;101,11;No Aplica;11;78;1;Disponible;Heterosexual
57;Isabel;Pérez;Salinas;M;isaperez;"-=BUTJE)&[pn;Mg";isaperez@mail.es;3/03/1936;83;;NO;66;28;2;Disponible;Heterosexual
58;Ana María;Andreu;Pitarch;M;andreu53;pTiXu({2#}_cLEe;andreu53@mail.net;24/04/1987;32;;NO;76;76;12;Inactivo;Heterosexual
59;Josefa;Juárez;Curiel;M;juarez71;)PE[J6xhyX::,Dx;juarez71@mail.net;16/12/1981;37;;NO;2;95;0;Inactivo;Heterosexual
60;María Teresa;Elizalde;Pérez;M;marelizalde;Mg7Bj_!rch3)Nn8;marelizalde@email.es;9/07/1999;20;;NO;6;42;0;Inactivo;Heterosexual
61;Lucia;Moyano;Mercado;M;luciamoyano;,[3znWc(L2)nZ%q;luciamoyano@email.es;10/03/1973;46;;SI;92;79;2;Inactivo;Heterosexual
62;Manuel;Jover;Juárez;H;jover94;=z/&$n}vSB%b[3V;jover94@correo.net;22/11/1949;69;846,72;No Aplica;86;1;0;Inactivo;Heterosexual
63;María Carmen;Álvarez;Rodríguez;M;alvarez15;.gaCthb+_te:_u};alvarez15@mail.es;25/11/1969;49;;SI;22;63;3;Disponible;Heterosexual
64;Miguel Ángel;Vega;Rodríguez;H;m.vega;r9bRYaW_h:z3]XV;m.vega@mail.net;5/07/1958;61;939,88;No Aplica;40;52;2;Disponible;Heterosexual
65;María José;Zapata;Gómez;M;mzapata1;hNtka6BEb}*i..U;mzapata1@email.es;27/10/2000;19;;NO;66;86;2;Disponible;Heterosexual
66;Jesús;Herrera;López;H;j.herrera;UeQCmE:TQ%4y*)a;j.herrera@email.net;1/02/1976;43;215,98;No Aplica;94;80;0;Disponible;Heterosexual
67;Carmen;Fernández;Romera;M;carfernandez12;"Bnr#Q;TaTMtMXAU";carfernandez12@mail.es;10/08/1954;65;;SI;82;18;0;Disponible;Heterosexual
68;Antonio;Álvarez;Martínez;H;alvarez24;BmJxZcxK4i}k2*};alvarez24@email.com;20/06/1955;64;515,83;No Aplica;84;3;0;Disponible;Heterosexual
69;Antonia;Espinosa;Ramírez;M;ant.espinosa;&6:AAU?m6eyFJjk;ant.espinosa@email.es;25/03/1973;46;;SI;92;63;8;Inactivo;Heterosexual
70;Ángel;Gaona;Zabala;H;angelgaona;u=)PPqwB].JY:e[;angelgaona@correo.com;29/11/1935;83;335,48;No Aplica;49;62;8;Disponible;Heterosexual
71;Francisco;Cruz;García;H;fra.cruz;NPd2n.Q*%[Xckjw;fra.cruz@mail.net;14/12/1943;75;384,69;No Aplica;37;66;5;Disponible;Heterosexual
72;Begoña;Herrera;López;M;begherrera59;=E:#6H+JG:g:g]9;begherrera59@correo.es;28/08/1976;43;;SI;71;38;2;Disponible;Heterosexual
73;Juana;Nieto;Prieto;M;juanieto;rf6q_qmVE[6Ccu=;juanieto@email.es;15/08/1992;27;;SI;89;48;4;Inactivo;Heterosexual
74;María Pilar;Castaño;Palomino;M;mariapilarcastaño;"5tnA;L2M)T{N(Qc";mariapilarcastaño@email.net;9/02/1986;33;;SI;45;3;0;Inactivo;Heterosexual
75;Isabel;Santiago;Navarro;M;isabelsantiago;}EAfprkxa7?c=G@;isabelsantiago@email.es;19/12/1990;28;;NO;87;27;3;Disponible;Heterosexual
76;Julia;López;Hernández;M;jlopez;HVQFCuxk!R29}aJ;jlopez@email.es;17/07/1942;77;;NO;82;23;1;Disponible;Heterosexual
77;Mónica;Ortiz;Navas;M;ortiz98;(UHTt?wZmYD2A#(;ortiz98@mail.net;13/04/1946;73;;NO;74;28;0;Inactivo;Heterosexual
78;Antonio;Fernández;Jiménez;H;antoniofernandez74;#pC}Vg/u.#gw4cG;antoniofernandez74@email.net;23/08/1976;43;87,16;No Aplica;29;64;0;Disponible;Heterosexual
79;Francisco;Velázquez;Gimeno;H;f.velazquez;{g%e=G#AKc_&V}i;f.velazquez@mail.es;8/06/1960;59;775,61;No Aplica;83;10;0;Disponible;Heterosexual
80;María Carmen;Pérez;Segarra;M;marperez81;+W}SS@iU(c=wX2h;marperez81@email.net;26/08/1945;74;;SI;56;86;1;Disponible;Heterosexual
81;María Carmen;Pintos;Egea;M;pintos5;6zbEubLYa&iX4m!;pintos5@email.net;1/03/1986;33;;NO;56;98;8;Inactivo;Heterosexual
82;Antonio;Conde;Carpintero;H;conde96;d9/mxyD@vvc7qC?;conde96@correo.es;2/09/1957;62;609,65;No Aplica;96;29;4;Disponible;Heterosexual
83;Juan;Tejeda;Ferrero;H;tejeda93;LZiNXjj4?5(+TM_;tejeda93@correo.com;24/02/1991;28;895,24;No Aplica;78;80;10;Inactivo;Heterosexual
84;Ángel;Jiménez;Martin;H;angjimenez;A[GHx.xRUw/9Qrh;angjimenez@correo.com;7/07/1961;58;651,15;No Aplica;43;46;4;Inactivo;Heterosexual
85;Josefa;Rico;Ripoll;M;josrico49;KxV:h!dz}D}6!_U;josrico49@correo.es;29/12/1989;29;;SI;17;70;0;Inactivo;Heterosexual
86;José Luis;Guijarro;Robles;H;guijarro54;"d}w%)BREvFp;djK";guijarro54@correo.es;18/04/1948;71;463,99;No Aplica;37;55;4;Inactivo;Heterosexual
87;Francisco;Salinas;Pons;H;fra.salinas;6dN9br=,7e%#vm=;fra.salinas@email.es;21/11/1949;69;563,31;No Aplica;92;64;9;Disponible;Heterosexual
88;Francisco;Leiva;Cano;H;franciscoleiva;_=B,j@uG5HMUSmv;franciscoleiva@email.com;2/06/1964;55;410,83;No Aplica;69;47;6;Inactivo;Heterosexual
89;José Luis;Osorio;Suarez;H;jososorio;3pS#7*g&QuZEGgh;jososorio@email.net;21/02/1980;39;826,18;No Aplica;37;34;4;Disponible;Heterosexual
90;Antonia;Fernández;Sánchez;M;antfernandez;CK4/Bf)m3}RL!)3;antfernandez@mail.com;19/06/1968;51;;SI;54;14;2;Inactivo;Heterosexual
91;María Pilar;Bejarano;Requena;M;mbejarano34;]BdU7h@)H9mw64W;mbejarano34@mail.net;21/04/1997;22;;SI;26;3;0;Inactivo;Heterosexual
92;Carmen;Blanca;González;M;blanca30;@3dc=Jdyv6FJv#Z;blanca30@email.com;12/10/1975;44;;SI;59;24;0;Disponible;Heterosexual
93;Teresa;Calle;Arribas;M;tcalle80;@bW4+DJu(9RKzeB;tcalle80@correo.net;15/08/1944;75;;NO;79;87;12;Inactivo;Heterosexual
94;Rosa María;Merino;Jiménez;M;rmerino;ZH:N}q&S-mCMt#D;rmerino@mail.net;27/03/1954;65;;SI;26;19;3;Disponible;Heterosexual
95;Rosa María;Reina;Alonso;M;rosreina;.?D8PHCk%BFJj6];rosreina@mail.net;17/01/1962;57;;NO;78;99;3;Inactivo;Heterosexual
96;Cristina;Ilie;Sánchez;M;cristinailie;BEHa8+.}(StJzDF;cristinailie@mail.net;29/12/1998;20;;NO;58;16;0;Inactivo;Heterosexual
97;Juan Carlos;Sanmartín;Valdivia;H;jsanmartin;JxmE3ceP:tVwT3i;jsanmartin@mail.es;5/10/1944;75;933,21;No Aplica;66;3;0;Inactivo;Heterosexual
98;Santiago;Ares;Riba;H;santiagoares65;RDH[SHpTg)LtY:f;santiagoares65@correo.com;28/05/1960;59;141,4;No Aplica;75;23;2;Disponible;Heterosexual
99;Juan;Santos;Sánchez;H;jua.santos;-$CguNg%2y,QP9E;jua.santos@correo.net;12/11/1958;60;854,3;No Aplica;3;61;0;Disponible;Heterosexual
100;Francisca;Sola;Martin;M;frasola;(b#+8e8Rb[QUuX@;frasola@correo.com;6/03/1994;25;;NO;81;88;8;Inactivo;Heterosexual
101;José Antonio;Jiménez;González;H;joseantoniojimenez;-PZGgk?.nS]2vTy;joseantoniojimenez@correo.com;24/12/1946;72;390,52;No Aplica;99;95;12;Inactivo;Heterosexual
102;Jesús;Llorens;Pérez;H;llorens76;jCf?9)J+4e]CRBJ;llorens76@mail.net;6/04/1994;25;668,22;No Aplica;77;88;11;Disponible;Heterosexual
103;Rosa;Ribas;Páez;M;ribas57;9M*pVY$#?+vJKR!;ribas57@correo.net;21/06/1978;41;;NO;8;90;0;Disponible;Heterosexual
104;José María;Garmendia;López;H;garmendia19;!u%852N2MRpd:b#;garmendia19@mail.es;28/02/1965;54;867,36;No Aplica;26;52;3;Disponible;Heterosexual
105;María Dolores;Valle;López;M;mariadolores.valle;4vR%uSe,EXBrxdT;mariadolores.valle@email.com;20/05/2001;18;;NO;13;16;2;Disponible;Heterosexual
106;Francisco Javier;Cuesta;Rivero;H;franciscojavier.cuesta;ENR4i6VPZ%}f/.S;franciscojavier.cuesta@email.com;6/02/1969;50;883,99;No Aplica;18;13;2;Inactivo;Heterosexual
107;Alejandro;Parejo;Domingo;H;aleparejo;7##E8T2XCd#8djC;aleparejo@mail.net;20/08/1994;25;231,76;No Aplica;43;29;4;Inactivo;Heterosexual
108;María Antonia;Martínez;Reverte;M;marmartinez;PJr,VnSbT-x-N46;marmartinez@email.com;5/11/1951;67;;SI;26;90;1;Inactivo;Heterosexual
109;Laura;Castillo;Saavedra;M;lcastillo;brnUe5C&R}}q{B*;lcastillo@email.com;17/09/1950;69;;SI;51;90;2;Disponible;Heterosexual
110;Ángel;Rodríguez;Hernández;H;angel.rodriguez;Nmw,ry:Zp-9zN}c;angel.rodriguez@email.es;6/12/1979;39;191,36;No Aplica;32;42;5;Inactivo;Heterosexual
111;Juan Antonio;Expósito;León;H;jua.exposito;ZBdZ:HkL(Ye+:x8;jua.exposito@email.com;13/07/1967;52;350,16;No Aplica;21;56;0;Inactivo;Heterosexual
112;Isabel;García;Jordán;M;isabel.garcia;RwHjg+HzpG!G:Rp;isabel.garcia@correo.es;7/03/1961;58;;SI;63;37;4;Disponible;Heterosexual
113;Carlos;Murillo;Cárceles;H;cmurillo67;g&{g%j*7($56gR,;cmurillo67@correo.com;30/08/1965;54;977,67;No Aplica;92;73;10;Inactivo;Heterosexual
114;Juan Carlos;Barranco;Gómez;H;jua.barranco;%+C7@}XyTRi-!g);jua.barranco@mail.com;5/03/1944;75;751,34;No Aplica;73;34;0;Disponible;Heterosexual
115;Francisco;Francés;Pereira;H;ffrances;C6iA7U}$YbM)R$m;ffrances@email.com;5/01/1954;65;182,07;No Aplica;64;45;1;Disponible;Heterosexual
116;David;Rodríguez;Duran;H;davrodriguez;"Y=Mkdhwq;8.*gxz";davrodriguez@correo.es;23/04/1948;71;508,01;No Aplica;8;44;0;Inactivo;Heterosexual
117;María Carmen;Millán;Angulo;M;marmillan;{@zvj/5TD!,jmwk;marmillan@email.com;31/08/1954;65;;NO;87;38;4;Inactivo;Heterosexual
118;María;Alonso;López;M;maralonso44;wT9#Tav!X,Hd+*H;maralonso44@email.es;28/07/1974;45;;SI;22;87;0;Disponible;Heterosexual
119;Carmen;Carranza;López;M;carmen.carranza;x@TAW8ExLy/X(mQ;carmen.carranza@email.net;1/10/1995;24;;NO;3;62;0;Disponible;Heterosexual
120;María Josefa;Ruiz;Hernández;M;m.ruiz;iue#YqaR@4mKf6b;m.ruiz@correo.es;16/12/1963;55;;SI;31;34;3;Disponible;Heterosexual
121;María Carmen;García;Prieto;M;mgarcia;.?{K4Q3uv[uT@Dq;mgarcia@mail.es;9/06/1969;50;;NO;4;10;0;Inactivo;Heterosexual
122;María José;Bello;Barquero;M;mbello;bnmYB58$d6WVJB&;mbello@email.net;30/06/1988;31;;SI;66;97;10;Inactivo;Heterosexual
123;Ramón;Carril;Ramos;H;rcarril;[d(=kqcQp.b8MAn;rcarril@mail.com;11/03/1946;73;519,5;No Aplica;22;63;2;Disponible;Heterosexual
124;María Jesús;González;Osorio;M;margonzalez;3959/-zUikUWi6i;margonzalez@email.com;1/04/1975;44;;SI;97;28;4;Inactivo;Heterosexual
125;Vicente;Ruiz;Andreu;H;ruiz96;$F/HVC*$pZhBJUM;ruiz96@email.es;21/02/1936;83;949,78;No Aplica;14;71;1;Disponible;Heterosexual
126;Pilar;Lujan;Campos;M;plujan;pq/4=Cmuu$e7w5&;plujan@email.com;16/08/1999;20;;NO;92;61;9;Disponible;Heterosexual
127;José Luis;Amorós;López;H;joseluisamoros;{7w,Hy@HxJ)Xbkv;joseluisamoros@mail.net;16/02/1975;44;797,11;No Aplica;53;72;3;Inactivo;Heterosexual
128;María Dolores;Hernando;Castañeda;M;marhernando;bpfanTdQZaJPRa@;marhernando@email.es;5/04/1992;27;;SI;58;63;8;Disponible;Heterosexual
129;Ainhoa;Torres;Macías;M;aintorres;VBpazwRSvF*.nC3;aintorres@email.com;28/07/1966;53;;SI;7;50;1;Inactivo;Heterosexual
130;Mercedes;Martin;Díaz;M;mermartin;5vURzv5AS_uh}6U;mermartin@email.com;1/06/1994;25;;NO;98;5;0;Inactivo;Heterosexual
131;Raúl;Catalá;Hernández;H;raucatala;q*,zXM[R/!Mj#R6;raucatala@mail.com;24/07/1995;24;435,75;No Aplica;100;84;1;Inactivo;Heterosexual
132;María Pilar;Gómez;Alonso;M;gomez13;Lih&cSE+6Dx}=X+;gomez13@mail.com;4/07/1975;44;;NO;56;24;1;Inactivo;Heterosexual
133;Andrea;Fernández;Sancho;M;andfernandez;";VJh$[=M6?,D)NG";andfernandez@mail.es;12/07/1974;45;;SI;57;71;1;Disponible;Heterosexual
134;Teresa;Álvarez;Costa;M;talvarez;zRqDc_Yz6]Me%Ak;talvarez@email.net;5/08/1991;28;;NO;73;52;0;Inactivo;Heterosexual
135;Sergio;González;Moyano;H;sergiogonzalez;%Qca_rae$BjNbdh;sergiogonzalez@correo.net;7/09/1977;42;396,21;No Aplica;75;61;6;Inactivo;Heterosexual
136;Jesús;García;Ballesteros;H;jgarcia;R?W-=R$_7yHn:2#;jgarcia@email.com;2/07/1969;50;245,05;No Aplica;29;38;2;Inactivo;Heterosexual
137;Sergio;Losada;Espinosa;H;s.losada;C%pW3UEuwXV:QS*;s.losada@correo.es;1/07/1943;76;203,02;No Aplica;20;5;0;Disponible;Heterosexual
138;Alfonso;Julián;Centeno;H;julian39;7V?5]axZ#vGPPU_;julian39@correo.net;9/07/1984;35;967,56;No Aplica;46;20;1;Disponible;Heterosexual
139;Álvaro;Díaz;Valero;H;alvarodiaz;Z)#qQ&ygFg(H4*R;alvarodiaz@correo.es;13/06/1951;68;569,13;No Aplica;1;50;0;Disponible;Heterosexual
140;Ángel;Álvarez;Heredia;H;aalvarez;%Tpc2p*vRN$qwP.;aalvarez@mail.com;26/04/1961;58;175,25;No Aplica;95;25;2;Inactivo;Heterosexual
141;Miguel;Muñoz;Sánchez;H;mmuñoz;]:ND+]j3ED_wr&K;mmuñoz@email.com;14/11/1974;44;930,21;No Aplica;45;8;1;Disponible;Heterosexual
142;Josefa;Bernárdez;García;M;j.bernardez;@3+?y7c2D/iXCqx;j.bernardez@email.es;10/11/1993;25;;SI;81;30;2;Inactivo;Heterosexual
143;Miguel;Roca;Alba;H;mroca;[Xz9v(NJZqw59ue;mroca@correo.es;28/10/1937;82;401,26;No Aplica;12;62;2;Inactivo;Heterosexual
144;Natalia;Nieto;Martínez;M;natalianieto;";e%TDv$u@iv*?qW";natalianieto@email.com;4/08/1939;80;;SI;30;5;0;Inactivo;Heterosexual
145;María Isabel;Elena;Ocaña;M;m.elena;mA+jTD3*WFbm*M];m.elena@email.com;8/07/1996;23;;NO;1;10;0;Disponible;Heterosexual
146;Marta;López;Mendoza;M;mlopez12;"{#D;}jc]Q6&+zZ=";mlopez12@mail.es;30/07/1937;82;;NO;54;34;1;Disponible;Heterosexual
147;Antonio;Neira;Díaz;H;a.neira;"naCZ#YFv4/;(}.U";a.neira@mail.es;29/01/1972;47;407,85;No Aplica;90;60;3;Disponible;Heterosexual
148;Miguel Ángel;Sánchez;González;H;msanchez;Z.x9&WKWU(3D&}a;msanchez@mail.es;9/08/1986;33;364,52;No Aplica;91;36;6;Inactivo;Heterosexual
149;Pilar;Robles;Vila;M;robles90;r/Dr$:W:aaEt3,G;robles90@email.com;1/02/1944;75;;SI;77;90;12;Inactivo;Heterosexual
150;Antonia;Casal;Gómez;M;antoniacasal;udc_83G@PS54jYg;antoniacasal@correo.net;29/03/1936;83;;SI;95;82;12;Inactivo;Heterosexual
151;Juan José;Godoy;Roca;H;jgodoy;HdWkE8?(H?zZCub;jgodoy@correo.net;20/07/1936;83;772,62;No Aplica;85;87;13;Disponible;Heterosexual
152;María Pilar;Navarro;Almendros;M;marinavarro;n&#C/mw.&tgPGGQ;marinavarro@email.com;18/12/1963;55;;SI;62;17;2;Inactivo;Heterosexual
153;María Dolores;Ureña;Pena;M;mariadolores.ureña;8q%/+2*VKjK(kbx;mariadolores.ureña@email.com;30/07/1992;27;;SI;90;60;5;Inactivo;Heterosexual
154;María Rosario;Peralta;Hernández;M;mperalta;-4?Z-Sr%yRt6r2#;mperalta@email.com;5/04/1949;70;;NO;98;38;3;Inactivo;Heterosexual
155;Mónica;Castillo;Párraga;M;monicacastillo;]7[=S2HezXv5p8{;monicacastillo@correo.es;30/05/1978;41;;SI;21;22;0;Disponible;Heterosexual
156;María Luisa;Del Rio;Gómez;M;marialuisade;"Ag{h;Z84*Syq,G$";marialuisade@mail.com;27/04/1961;58;;SI;52;88;7;Inactivo;Heterosexual
157;José;Cortes;Fernández;H;jcortes;";F6Sie}L,)6*G}i";jcortes@mail.net;27/07/1969;50;766,82;No Aplica;57;25;4;Inactivo;Heterosexual
158;Marta;Marcos;Viejo;M;marcos88;r+]u)e*+g[YZe,=;marcos88@correo.com;12/06/1956;63;;SI;8;43;0;Inactivo;Heterosexual
159;Rafael;García;Márquez;H;rafaelgarcia78;NcvNS(@7=9CLi3T;rafaelgarcia78@mail.com;21/10/1946;73;799,41;No Aplica;91;2;0;Disponible;Heterosexual
160;Anna;Mera;Pizarro;M;anna.mera;PKYNy(+S?e*eSS$;anna.mera@mail.com;14/05/1983;36;;NO;48;19;3;Disponible;Heterosexual
161;José Antonio;Núñez;García;H;jnuñez;$(D[Wu3B6gjRkub;jnuñez@correo.net;16/08/1962;57;870,13;No Aplica;12;6;1;Disponible;Heterosexual
162;María Carmen;Marín;Marrero;M;marmarin;gjmyJ8rP#{W.{G2;marmarin@mail.net;23/07/1961;58;;NO;56;70;2;Inactivo;Heterosexual
163;Ángel;Merino;Mera;H;merino48;(,KCRm_!qk&{r=F;merino48@mail.net;15/11/1978;40;67,67;No Aplica;68;76;2;Disponible;Heterosexual
164;María Teresa;Huang;Pino;M;huang31;";6TuS=wC&wn!K3q";huang31@email.net;2/08/1984;35;;NO;38;96;2;Disponible;Heterosexual
165;María;Georgiev;Tejada;M;georgiev89;"w]MMuM2DR-;Gfq{";georgiev89@mail.com;19/02/1964;55;;NO;89;96;2;Disponible;Heterosexual
166;Mercedes;Gutiérrez;Molina;M;gutierrez90;-7H$ZLexR)Yc8m9;gutierrez90@correo.com;25/01/1953;66;;SI;66;20;2;Inactivo;Heterosexual
167;Miguel;Cueto;Muñoz;H;m.cueto;m!CGFhMbg)6vy/f;m.cueto@correo.com;28/07/1953;66;417,9;No Aplica;10;33;0;Inactivo;Heterosexual
168;Francisco Javier;Sánchez;Castillo;H;sanchez55;Gb/ZiP8%tc@jE?:;sanchez55@email.com;22/09/1960;59;316,16;No Aplica;30;3;0;Inactivo;Heterosexual
169;Marta;Del Castillo;Saavedra;M;de79;5(NxJqq?3K--v{,;de79@email.com;22/08/1986;33;;SI;35;27;4;Inactivo;Heterosexual
170;Rafael;Alonso;Barbero;H;alonso95;BWdhuQ/c)=]mEfB;alonso95@email.net;19/01/1979;40;73,78;No Aplica;43;10;0;Inactivo;Heterosexual
171;María Pilar;Talavera;Escobar;M;maritalavera;"D;_?Len/qcpN9]6";maritalavera@mail.com;13/01/1954;65;;SI;33;6;0;Inactivo;Heterosexual
172;Javier;Cano;Ruiz;H;cano13;}bUQgJA:g]rSZk!;cano13@correo.es;21/05/1998;21;787,99;No Aplica;43;9;1;Inactivo;Heterosexual
173;María Teresa;Barbero;Malo;M;barbero96;[:WRLi-&#&KE8?9;barbero96@email.com;23/06/1943;76;;NO;66;37;1;Disponible;Heterosexual
174;María Carmen;Gómez;Herrero;M;mar.gomez;}u2Wue5uTLT%v:X;mar.gomez@email.com;9/05/1945;74;;SI;51;18;3;Inactivo;Heterosexual
175;Manuel;Ortiz;Sánchez;H;ortiz23;z%3i$D{XZU!nar};ortiz23@mail.com;4/02/1971;48;134,34;No Aplica;39;4;0;Inactivo;Heterosexual
176;María Jesús;Camacho;Ospina;M;maricamacho;Vp2%t6FZH:}n=JZ;maricamacho@mail.com;3/08/1937;82;;SI;58;11;0;Inactivo;Heterosexual
177;Rafaela;Pérez;Bellón;M;rperez;uLB]Lnr@u_8.6r,;rperez@email.es;3/04/1980;39;;NO;6;60;1;Inactivo;Heterosexual
178;Joaquín;Vidal;Alvarado;H;joaquin.vidal;t7u$AcBgqpDx8yQ;joaquin.vidal@mail.com;30/08/1975;44;898,2;No Aplica;21;40;0;Disponible;Heterosexual
179;Alfonso;Padilla;Marques;H;alfonsopadilla52;a)%LdcpufLU&QJf;alfonsopadilla52@correo.com;8/03/1948;71;617,26;No Aplica;89;87;6;Inactivo;Heterosexual
180;Josefa;Marques;Contreras;M;jmarques;ffJv7hVUgpKk[=%;jmarques@correo.com;1/08/1947;72;;SI;97;66;3;Inactivo;Heterosexual
181;Miguel Ángel;Rubio;López;H;migrubio;VxzD#cA9%*_M.6/;migrubio@correo.es;21/10/1969;50;414,1;No Aplica;55;13;1;Inactivo;Heterosexual
182;Manuela;Mengual;Bueno;M;manuelamengual82;%ytk5,-6uvm{C=G;manuelamengual82@correo.es;11/11/1987;31;;SI;81;26;2;Disponible;Heterosexual
183;Miguel Ángel;Fernández;Bravo;H;migue.fernandez;BM*E+?$aS6n8epG;migue.fernandez@correo.com;4/07/1962;57;339,21;No Aplica;53;63;4;Inactivo;Heterosexual
184;Francisco;Carranza;Garcés;H;franciscocarranza;f,#hBE$@zG+P3EZ;franciscocarranza@correo.net;27/11/1996;22;371,32;No Aplica;23;98;3;Inactivo;Heterosexual
185;Josefa;García;García;M;josgarcia;SpMzDuyf?.J.rC#;josgarcia@mail.com;1/04/1991;28;;NO;13;28;1;Inactivo;Heterosexual
186;Dolores;Atienza;Ribeiro;M;dolatienza;"2$)L+!&;RDrUy-E";dolatienza@mail.es;24/05/1970;49;;SI;39;28;4;Inactivo;Heterosexual
187;Enrique;Guerrero;Barragán;H;guerrero17;S!eHJ_i)8-zQ4,k;guerrero17@mail.es;18/10/1937;82;658,96;No Aplica;54;72;6;Inactivo;Heterosexual
188;Rosa María;Chica;Costa;M;roschica67;hb)!Q$N&6b?:TnG;roschica67@correo.es;21/08/1952;67;;NO;9;1;0;Disponible;Heterosexual
189;Juan José;Campos;García;H;j.campos;"MJ&TiF[;bLg@P,d";j.campos@email.net;30/11/1959;59;643,03;No Aplica;77;42;2;Disponible;Heterosexual
190;Francisco Javier;Piñero;Tovar;H;frapiñero;TJ9-&dFtaNC.L&-;frapiñero@email.es;18/08/1977;42;679,75;No Aplica;45;6;0;Disponible;Heterosexual
191;Alejandro;Lastra;Mora;H;alejandrolastra100;8C839hy]bbBjTMU;alejandrolastra100@correo.net;15/11/1962;56;477,9;No Aplica;30;79;0;Disponible;Heterosexual
192;Inmaculada;Asensio;Moral;M;iasensio25;a2CrY)HN$7E&Zp];iasensio25@correo.net;4/03/1987;32;;SI;72;19;1;Inactivo;Heterosexual
193;Cristina;Cabrera;Barranco;M;cabrera66;jSew)VPuxpxWu&(;cabrera66@email.com;13/12/1962;56;;SI;75;100;10;Disponible;Heterosexual
194;Mercedes;Díaz;Cantos;M;merdiaz;7:xEWdL=BDC@gja;merdiaz@email.net;18/01/1962;57;;NO;81;20;3;Disponible;Heterosexual
195;José Luis;García;Pereira;H;jos.garcia;"f)},HjmvG;K@j;g";jos.garcia@correo.es;27/02/2001;18;477,86;No Aplica;10;11;0;Disponible;Heterosexual
196;Francisco;Santiago;Navarro;H;santiago26;TJT7!$Tm@:g{RD2;santiago26@correo.es;14/04/1942;77;947,54;No Aplica;90;85;0;Inactivo;Heterosexual
197;Antonio;Otero;Navas;H;ant.otero;4n{UXwpUzrV6y35;ant.otero@email.net;24/04/1957;62;908,69;No Aplica;14;65;0;Disponible;Heterosexual
198;María;González;Ferreras;M;mgonzalez45;"..m-;=X(7CW#%.Q";mgonzalez45@correo.com;10/09/1943;76;;NO;3;93;0;Disponible;Heterosexual
199;Juan Antonio;García;Merino;H;garcia32;"ZP{!k8zZx=yaZ;Q";garcia32@mail.es;9/02/1989;30;235,93;No Aplica;15;46;2;Inactivo;Heterosexual
200;Jorge;Abad;García;H;jorgeabad;V#$FUV2NV(jv%BF;jorgeabad@mail.net;30/01/1950;69;354,45;No Aplica;34;90;4;Disponible;Heterosexual
201;Ángel;González;Conde;H;agonzalez;VqDh-quBt9ry]Ky;agonzalez@mail.es;27/11/1958;60;957,86;No Aplica;61;78;6;Disponible;Heterosexual
202;Marina;Casas;Amores;M;marcasas;mr@YCZ[KHwD4Q==;marcasas@correo.com;23/11/1971;47;;SI;75;98;9;Inactivo;Heterosexual
203;Beatriz;Catalán;González;M;beacatalan;"T_7T4cP5-;HPPhT";beacatalan@email.com;23/05/1993;26;;SI;45;80;3;Disponible;Heterosexual
204;Miguel;Marco;Peláez;H;mig.marco;vq$+PpjArnDa3fT;mig.marco@correo.com;6/06/1953;66;704,58;No Aplica;46;12;1;Inactivo;Heterosexual
205;Carmen;Fernández;Tejedor;M;carfernandez;9Qc_rEM-eR7*u+*;carfernandez@correo.es;8/01/1948;71;;NO;9;90;0;Inactivo;Heterosexual
206;Enrique;Rodríguez;Mena;H;enrrodriguez;b?}u7&KS{RKLN$j;enrrodriguez@mail.com;9/09/1953;66;443,1;No Aplica;36;23;1;Disponible;Heterosexual
207;Juana;Cabrera;Sánchez;M;jua.cabrera;[$KL[t-6@r.55EX;jua.cabrera@mail.net;5/04/1971;48;;SI;78;15;2;Disponible;Heterosexual
208;Pablo;Esteve;Galán;H;pabloesteve;,.h/-vQ@X*PMNL5;pabloesteve@mail.es;11/09/1988;31;303,27;No Aplica;73;42;2;Disponible;Heterosexual
209;Manuel;Carrión;Fernández;H;manuelcarrion;"PHM3aG5m;5Wqr7?";manuelcarrion@email.com;17/08/1962;57;297,56;No Aplica;80;51;5;Disponible;Heterosexual
210;Alicia;Sáez;Gómez;M;alisaez;]ub*Q8&]3wDC{M3;alisaez@mail.net;19/03/1935;84;;NO;3;6;0;Inactivo;Heterosexual
211;Isabel;Morales;Salgado;M;isabel.morales;"cF2/j2g.2;GR:%%";isabel.morales@email.es;14/09/1994;25;;NO;4;77;0;Inactivo;Heterosexual
212;Sergio;Moya;Moral;H;moya67;B8YMA[f_p5!4A+t;moya67@correo.net;19/03/1936;83;129,26;No Aplica;13;9;0;Inactivo;Heterosexual
213;Ángeles;Casado;López;M;a.casado;6g!*z{Sxd-Xmx}x;a.casado@email.net;30/10/1948;71;;NO;94;54;8;Inactivo;Heterosexual
214;Jaume;Ferri;Moreno;H;jaumeferri;=U9N+i)u-twpdtA;jaumeferri@email.es;31/01/1947;72;616,92;No Aplica;17;49;0;Disponible;Heterosexual
215;Ana;Alarcón;Lujan;M;anaalarcon;mG*_(ApviPXtBST;anaalarcon@email.com;14/12/1996;22;;NO;62;83;5;Inactivo;Heterosexual
216;Rosa;Pons;Ramos;M;rpons;"p5BYM;meQY_UA&-";rpons@mail.es;9/07/1993;26;;SI;47;66;4;Inactivo;Heterosexual
217;Adrián;Rey;Quintanilla;H;adr.rey;,L+79uxYcF?aZSZ;adr.rey@correo.net;21/11/1968;50;698,55;No Aplica;71;71;0;Disponible;Heterosexual
218;Rosario;Ramírez;Lago;M;rosarioramirez;=:,g_[E]y?m8,)/;rosarioramirez@correo.com;12/07/1937;82;;SI;30;58;1;Disponible;Heterosexual
219;Carmen;Martínez;Rodríguez;M;cmartinez;Pv_6fwnUERT%@B=;cmartinez@correo.net;5/06/1992;27;;NO;83;26;0;Inactivo;Heterosexual
220;Rosa María;Chamorro;Lago;M;roschamorro;"J_C;G:!jrupvv{M";roschamorro@correo.net;22/11/1959;59;;SI;15;24;0;Disponible;Heterosexual
221;María;Cid;Gómez;M;marcid;%8%tqD8@cQnHTVK;marcid@mail.es;27/02/1985;34;;SI;31;31;1;Inactivo;Heterosexual
222;Manuel;Castaño;Diez;H;castaño2;2Qi86QpB})Mexr.;castaño2@correo.com;24/07/1979;40;943,71;No Aplica;47;7;0;Inactivo;Heterosexual
223;María Dolores;Rosa;García;M;m.rosa;a8AScMD7#a@dqBj;m.rosa@email.com;30/07/1943;76;;NO;5;59;0;Inactivo;Heterosexual
224;Marta;García;González;M;margarcia96;SeA)dvrgc4d@7ex;margarcia96@mail.net;6/07/1962;57;;SI;50;84;7;Inactivo;Heterosexual
225;Javier;Rico;López;H;jrico;%gg?USP24,42Qyh;jrico@email.es;8/12/1982;36;366,55;No Aplica;23;98;1;Disponible;Heterosexual
226;Mohamed;Moreno;Rodríguez;H;mohamedmoreno47;%Q:-Jq=@r$*:R,!;mohamedmoreno47@mail.com;11/07/1944;75;648,21;No Aplica;34;77;4;Inactivo;Heterosexual
227;Diego;Alfaro;Sánchez;H;alfaro21;inp+r4Zr[qa-$M7;alfaro21@email.net;8/04/1969;50;419,6;No Aplica;5;36;0;Inactivo;Heterosexual
228;Ignacio;Hernández;Aznar;H;hernandez7;Ti/=L,d?wC%V,Q/;hernandez7@correo.net;16/07/1954;65;604,63;No Aplica;76;24;3;Inactivo;Heterosexual
229;Jesús;Gutiérrez;Fernández;H;gutierrez88;G!Xh2}Tax9G2589;gutierrez88@mail.es;19/02/1982;37;313,43;No Aplica;90;78;9;Disponible;Heterosexual
230;Josefa;García;Sánchez;M;josefagarcia;XdHD.=tPe@Zu6t=;josefagarcia@email.net;26/05/1963;56;;SI;33;74;5;Inactivo;Heterosexual
231;María Jesús;Escalera;Fernández;M;mariajesusescalera54;Q.ik4SZmb%:..Wt;mariajesusescalera54@email.com;26/11/1940;78;;NO;30;51;5;Inactivo;Heterosexual
232;María Isabel;Reyes;García;M;marireyes;Dz%NHnFtM!9@*-/;marireyes@email.es;9/11/1961;57;;SI;45;84;7;Disponible;Heterosexual
233;María Jesús;Marín;Poza;M;m.marin;"QbJf:K;72JK]+Fp";m.marin@correo.net;30/11/1964;54;;NO;76;61;0;Inactivo;Heterosexual
234;Antonia;López;Román;M;antonialopez40;Ye!_Tm4j[]R6#j-;antonialopez40@mail.es;18/08/1952;67;;NO;35;83;1;Disponible;Heterosexual
235;José Antonio;Ruiz;Iglesias;H;josruiz29;VEc4X/p6weQUDxT;josruiz29@mail.es;24/03/1960;59;973,23;No Aplica;83;18;1;Disponible;Heterosexual
236;Carlos;Pérez;Varela;H;perez71;rHB5LqJ/,XL_cZk;perez71@mail.com;1/08/1954;65;875,73;No Aplica;95;96;14;Disponible;Heterosexual
237;Antonio;Benavent;Pérez;H;abenavent;t/K#vVKuAr2-.d6;abenavent@mail.es;16/05/1936;83;784,4;No Aplica;62;29;2;Inactivo;Heterosexual
238;María;Toledo;González;M;mariatoledo;8cNiT*nvqk+Lat%;mariatoledo@mail.net;29/07/1964;55;;SI;44;34;3;Inactivo;Heterosexual
239;Pilar;Macías;Carmona;M;pilmacias;q5!p3AWAawM)C7_;pilmacias@email.es;21/12/1953;65;;SI;52;94;5;Disponible;Heterosexual
240;Irene;Torres;García;M;itorres;"ALY;}5]qKcCqE*/";itorres@correo.es;4/05/1961;58;;NO;19;93;0;Inactivo;Heterosexual
241;Francisco Javier;Martin;Ros;H;franciscojaviermartin18;.xH&F}?#%NZ8Jc9;franciscojaviermartin18@mail.net;8/07/1979;40;776,17;No Aplica;2;77;0;Disponible;Heterosexual
242;Miguel Ángel;Peña;Rodríguez;H;migpeña;"F@$!f#tBM6gA2;z";migpeña@email.net;13/08/1956;63;709,33;No Aplica;93;63;9;Inactivo;Heterosexual
243;Antonio;Parra;Hinojosa;H;antonioparra1;9)Q#@WK*GEJjDEp;antonioparra1@correo.es;16/02/1998;21;878,38;No Aplica;95;100;13;Inactivo;Heterosexual
244;Carlos;De la Fuente;López;H;d57;2vQ:th!W$_9k&9/;d57@mail.es;17/05/1997;22;946,24;No Aplica;26;73;4;Disponible;Heterosexual
245;Nuria;Salguero;Rodríguez;M;nuria.salguero;4_,Ar#H.5-@Hu[G;nuria.salguero@correo.com;16/11/1939;79;;SI;63;16;1;Disponible;Heterosexual
246;Jesús;Mansilla;García;H;j.mansilla;UVzWY#9Qimt.@6/;j.mansilla@mail.es;24/02/1944;75;158,26;No Aplica;4;31;0;Disponible;Heterosexual
247;Amparo;Plata;Berrio;M;amp.plata;jifDu5@QjxS:+_u;amp.plata@correo.es;8/01/1969;50;;SI;33;80;4;Inactivo;Heterosexual
248;Ángel;Alonso;Muñoz;H;angel.alonso;,y4j&ttu{[QZ7SY;angel.alonso@mail.net;6/11/1940;78;274,24;No Aplica;96;34;5;Inactivo;Heterosexual
249;Antonia;Salazar;Pascual;M;antsalazar71;$3[HHF&zdz3F78@;antsalazar71@correo.net;28/09/1975;44;;NO;37;21;3;Inactivo;Heterosexual
250;Antonio;Cervera;Jiménez;H;acervera89;u--wVvR9$NViQ/$;acervera89@correo.es;25/08/1947;72;456,38;No Aplica;11;19;1;Inactivo;Heterosexual
251;María Teresa;Stoica;López;M;mar.stoica;uZ)(S3c:?6wk3Ya;mar.stoica@email.com;12/10/1945;74;;NO;46;39;5;Inactivo;Heterosexual
252;Susana;Pérez;González;M;susana.perez;"*2]XB(MdveH6;j7";susana.perez@correo.net;2/03/1952;67;;NO;34;51;5;Disponible;Heterosexual
253;Pablo;Cortes;Mora;H;pabcortes95;v.QD.dk/85h(%uR;pabcortes95@email.com;25/03/1981;38;248,45;No Aplica;82;42;6;Inactivo;Heterosexual
254;Marta;Yáñez;Moya;M;martayañez;$fmW2N_aYnUQ}*F;martayañez@email.es;2/05/1980;39;;NO;78;78;4;Disponible;Heterosexual
255;María;Mateos;Merino;M;mmateos;*3=E!qL(WhS6N!:;mmateos@mail.net;14/09/1941;78;;SI;55;8;0;Disponible;Heterosexual
256;Teresa;García;Rodríguez;M;garcia50;hQ&?(3cME(a=&Vr;garcia50@correo.com;22/11/1970;48;;SI;75;60;8;Disponible;Heterosexual
257;Irene;Álvarez;Santana;M;irene.alvarez;bc2]T[evwU&8KhC;irene.alvarez@email.es;20/11/1991;27;;NO;24;3;0;Inactivo;Heterosexual
258;Francisco;Román;González;H;roman43;Qq:B$gY8Exy?/7B;roman43@email.com;23/12/1943;75;276,39;No Aplica;93;57;0;Inactivo;Heterosexual
259;Ángel;García;Montero;H;garcia20;6VX3qg4u_hLTxJ,;garcia20@email.es;20/03/1976;43;498,74;No Aplica;7;12;1;Inactivo;Heterosexual
260;María Carmen;García;Serrano;M;mariacarmengarcia43;2%f]a&txw]pfY&.;mariacarmengarcia43@email.net;19/07/1985;34;;SI;80;33;3;Inactivo;Heterosexual
261;Amparo;Mejías;Alarcón;M;amejias;MhuG-wwL#&LJLY7;amejias@mail.com;17/04/1943;76;;NO;24;49;0;Disponible;Heterosexual
262;Carmen;Martínez;Doval;M;car.martinez;"%R_[EGPj9ZBPD;A";car.martinez@email.es;24/02/1939;80;;NO;36;14;0;Inactivo;Heterosexual
263;Antonio;Calvo;Ordoñez;H;acalvo;"R{m9yV-@;,dwVwh";acalvo@email.es;10/05/1989;30;394,87;No Aplica;75;10;0;Inactivo;Heterosexual
264;Ana;Fernández;Mas;M;fernandez61;"Weme[E8TBiy3a;m";fernandez61@correo.com;5/09/1985;34;;NO;7;51;1;Inactivo;Heterosexual
265;Daniel;Fernández;Salazar;H;d.fernandez;_yVqe[bx[gN$A27;d.fernandez@email.es;25/10/1943;76;195,22;No Aplica;39;36;0;Inactivo;Heterosexual
266;José Luis;Ortega;Herrera;H;jos.ortega;"(FN*Y{f_c[9[HA;";jos.ortega@email.net;27/03/1963;56;248,42;No Aplica;62;47;5;Inactivo;Heterosexual
267;Mónica;Carrasco;Escribano;M;monica.carrasco;yjz%u!,:SyG_i$H;monica.carrasco@correo.com;10/02/1968;51;;NO;96;93;6;Inactivo;Heterosexual
268;José Luis;Rosell;González;H;jrosell;.MYwdpB6nG&8acZ;jrosell@mail.com;28/02/1965;54;285,61;No Aplica;71;34;4;Disponible;Heterosexual
269;María;Álvarez;Ramón;M;malvarez;Kjnk7y2:.pT/ekY;malvarez@email.es;5/10/1954;65;;NO;40;68;3;Disponible;Heterosexual
270;Manuel;Fernández;Dueñas;H;manuelfernandez5;fnqW*=97MPA&#qR;manuelfernandez5@mail.net;24/12/1992;26;267,8;No Aplica;88;89;14;Disponible;Heterosexual
271;José;Cabeza;Fernández;H;jos.cabeza;";VRhwHzR4@v)m?w";jos.cabeza@email.com;10/04/1997;22;94,18;No Aplica;25;51;4;Disponible;Heterosexual
272;Pablo;Alonso;Rius;H;palonso65;#&q9eVb(PDKSvWx;palonso65@email.es;24/01/1947;72;523,8;No Aplica;14;9;0;Inactivo;Heterosexual
273;Antonio;Pinto;Herrera;H;pinto87;Zy!DjQTPCeG@VXp;pinto87@email.com;4/09/1964;55;53,74;No Aplica;49;45;4;Inactivo;Heterosexual
274;Beatriz;Pérez;Hernández;M;bperez87;"ZM[iU&=Pc;7EwGg";bperez87@mail.com;11/05/1986;33;;NO;86;74;12;Disponible;Heterosexual
275;Antonio;Ruiz;Vicente;H;antruiz;AXEt4/$7H,Q:M&m;antruiz@email.es;3/07/2001;18;462,1;No Aplica;14;11;0;Disponible;Heterosexual
276;Juan Antonio;López;García;H;lopez67;"RKk%7xD6v;bwWr!";lopez67@mail.net;15/04/1994;25;481,66;No Aplica;71;96;5;Disponible;Heterosexual
277;María;Martin;García;M;martin99;Y$9jY.{7:@#:Zpi;martin99@mail.com;23/04/1959;60;;NO;31;37;0;Disponible;Heterosexual
278;José;Ortiz;Martínez;H;josortiz;"M]Btn+(V4CPkZ;G";josortiz@email.net;2/09/1977;42;851,1;No Aplica;41;6;1;Inactivo;Heterosexual
279;María Magdalena;Llopis;Alba;M;mariamagdalena.llopis;+dx]qNR(ftidnpJ;mariamagdalena.llopis@email.com;15/04/1937;82;;NO;87;1;0;Disponible;Heterosexual
280;Álvaro;Fernández;García;H;alvarofernandez;E3VF(rX7i,H@[y#;alvarofernandez@mail.net;14/06/1977;42;76,86;No Aplica;74;6;1;Inactivo;Heterosexual
281;Rafael;Casal;Sánchez;H;rafael.casal;59f.:gw9(r#,v-E;rafael.casal@correo.net;26/07/1937;82;716,21;No Aplica;97;17;2;Inactivo;Heterosexual
282;Laura;Sánchez;De la Torre;M;lau.sanchez;T+-bQXQ($v:V.++;lau.sanchez@correo.net;19/04/1949;70;;SI;100;18;3;Inactivo;Heterosexual
283;María Mar;Espinosa;Blanco;M;m.espinosa;CC+EJ4G)jGKB5fc;m.espinosa@correo.net;27/12/1980;38;;NO;58;28;0;Inactivo;Heterosexual
284;Javier;Mesa;Expósito;H;mesa38;BzHp{qR5Cx@8Z:z;mesa38@mail.com;21/11/1994;24;713,48;No Aplica;24;9;1;Inactivo;Heterosexual
285;Jorge;De la Calle;Fernández;H;jordelacalle55;"P#HLTY#-8=4D;iE";jordelacalle55@email.net;26/11/1959;59;618,65;No Aplica;42;78;3;Inactivo;Heterosexual
286;María José;Fernández;Cruz;M;mari.fernandez;._@kN9hFmA[%MpE;mari.fernandez@email.com;18/09/1968;51;;SI;88;63;3;Disponible;Heterosexual
287;Alberto;Segovia;Fernández;H;segovia57;u#qPWqxDt7a.]Fe;segovia57@email.net;15/11/1953;65;732,79;No Aplica;30;46;3;Disponible;Heterosexual
288;María;Manzano;Martin;M;manzano55;*_99e{3.xvr2Edk;manzano55@correo.es;2/06/1969;50;;SI;24;28;2;Inactivo;Heterosexual
289;Ana;Márquez;Ruiz;M;anamarquez;Qc*?muqN9iHbK)m;anamarquez@correo.es;15/02/1941;78;;NO;37;32;2;Disponible;Heterosexual
290;Pedro;Moreno;Martin;H;pmoreno40;MX[q}[cb*eJt/=d;pmoreno40@mail.com;13/11/1951;67;120,69;No Aplica;18;23;0;Disponible;Heterosexual
291;Isabel;Martínez;Vidal;M;isamartinez;fcZgY,4E]nC]T=Q;isamartinez@email.com;21/06/1956;63;;NO;38;9;1;Disponible;Heterosexual
292;Jesús;Nieto;Sánchez;H;jesnieto89;Ee#DXx.!ZRt7jyL;jesnieto89@mail.com;8/10/1976;43;684,08;No Aplica;57;36;5;Inactivo;Heterosexual
293;María Jesús;Martí;González;M;marmarti;Y*?_X}U7]e9(wTW;marmarti@email.com;12/09/1962;57;;NO;34;98;5;Disponible;Heterosexual
294;David;Castellanos;Rubio;H;davidcastellanos;!yUNqD8Y)x3)u_};davidcastellanos@mail.com;6/02/1944;75;157,78;No Aplica;68;60;10;Inactivo;Heterosexual
295;José;Bernabé;Del Hoyo;H;jose.bernabe;@8crU@VMMEj+k?t;jose.bernabe@correo.es;9/12/1939;79;169,19;No Aplica;52;11;1;Inactivo;Heterosexual
296;María Dolores;Peiro;Pérez;M;marpeiro;jc&n:(8EgQ]=MY5;marpeiro@correo.es;1/09/1945;74;;NO;86;76;0;Inactivo;Heterosexual
297;Pedro;Buendía;Aguilar;H;buendia96;fM&--AxydCq*8%d;buendia96@correo.es;20/02/1949;70;204,23;No Aplica;73;70;2;Inactivo;Heterosexual
298;Javier;López;López;H;javierlopez;c!kM$8Wg/i7iDf);javierlopez@correo.com;15/03/1981;38;443,07;No Aplica;68;48;2;Disponible;Heterosexual
299;María;Lázaro;Marín;M;mar.lazaro;qgcG478dBV/+NJm;mar.lazaro@correo.com;13/08/1948;71;;SI;62;69;8;Disponible;Heterosexual
300;María;Gallardo;Sánchez;M;mariagallardo24;";$RRtd;+x!=E,&L";mariagallardo24@email.net;16/06/1958;61;;NO;11;6;1;Inactivo;Heterosexual
301;Rubén;Córdoba;Benavides;H;rub.cordoba;z4TUdtSzn6N47TL;rub.cordoba@mail.com;28/03/1971;48;244,12;No Aplica;97;38;6;Inactivo;Heterosexual
302;Manuel;Torres;Hernández;H;mantorres16;kH$M-3!(N?8VGbU;mantorres16@correo.es;13/06/1935;84;506,12;No Aplica;66;3;0;Disponible;Heterosexual
303;Luis;Moreno;Martínez;H;luismoreno17;"9!gm/b?B;]/iV#t";luismoreno17@mail.es;17/08/1991;28;668,37;No Aplica;11;20;0;Disponible;Heterosexual
304;Raquel;Murillo;Ferreiro;M;murillo61;Ec{PiphYH{?pGx4;murillo61@mail.net;28/12/1988;30;;NO;76;45;2;Inactivo;Heterosexual
305;María Rosa;Acosta;Muñoz;M;macosta;"Cjdf4]:*Pj?)h;6";macosta@email.es;13/06/1983;36;;NO;23;97;2;Inactivo;Heterosexual
306;Juana;Tomas;Muñoz;M;juana.tomas;"*/;iUWj../v_HGT";juana.tomas@correo.es;14/01/1981;38;;NO;64;69;5;Inactivo;Heterosexual
307;María Pilar;Toledo;Ortega;M;mariapilartoledo;"(;;K%?5;FRAV9?k";mariapilartoledo@email.com;7/03/1995;24;;SI;4;26;0;Disponible;Heterosexual
308;Manuel;Colomer;Castro;H;manuelcolomer74;"$BWtY!]=rLZ-;-R";manuelcolomer74@email.com;27/07/1984;35;728,51;No Aplica;54;42;1;Disponible;Heterosexual
309;Ramón;Murillo;Martínez;H;rmurillo;u?Y33M6yq8fEk-[;rmurillo@email.net;3/04/1969;50;784,14;No Aplica;38;61;4;Inactivo;Heterosexual
310;Josep María;Pico;Fernández;H;josepmariapico;2_}x.XeF4Dem6di;josepmariapico@correo.es;14/12/1984;34;826,28;No Aplica;78;25;4;Inactivo;Heterosexual
311;Marina;Redondo;Macías;M;redondo45;"2.&mvE;Q8JD,5xj";redondo45@mail.com;5/07/1994;25;;SI;63;64;5;Inactivo;Heterosexual
312;Manuel;Márquez;García;H;manmarquez;PB{g@%AU$iPZY9?;manmarquez@email.es;6/10/1947;72;903,39;No Aplica;52;5;0;Inactivo;Heterosexual
313;Dolores;Arguello;Parejo;M;dol.arguello;"/SG!,R;#fqad[K9";dol.arguello@mail.com;8/10/1950;69;;SI;63;2;0;Inactivo;Heterosexual
314;Laura;Prieto;Clemente;M;lauraprieto;+yC6g]x5G2Y4g&4;lauraprieto@mail.net;2/09/1969;50;;SI;31;31;0;Inactivo;Heterosexual
315;María Teresa;López;Redondo;M;marilopez47;7$ie.HV@$:k2wH_;marilopez47@email.com;20/11/1936;82;;NO;22;41;2;Inactivo;Heterosexual
316;María Dolores;Castejón;Bas;M;marcastejon;huMb5R*YEWidj7%;marcastejon@mail.net;27/01/1944;75;;SI;8;17;0;Inactivo;Heterosexual
317;Jorge;Domingo;Arenas;H;jordomingo;(.(3DRc?KVYzCAy;jordomingo@mail.net;16/08/1968;51;219,57;No Aplica;80;5;0;Disponible;Heterosexual
318;Fernando;Martínez;Pérez;H;fermartinez;"wnZcJ9]xc;k&*T5";fermartinez@mail.es;25/11/1952;66;794,14;No Aplica;35;25;2;Disponible;Heterosexual
319;Eva;Villa;Rodríguez;M;evavilla;[,)Bvbeewg&z:}n;evavilla@email.net;19/07/1974;45;;SI;61;83;7;Inactivo;Heterosexual
320;Josep;Sánchez;García;H;jossanchez;#qr=P]J]L[L$%5K;jossanchez@email.es;8/11/1974;44;560,47;No Aplica;25;91;1;Inactivo;Heterosexual
321;Enrique;Muñoz;Sánchez;H;enr.muñoz;N4P)aq=Cj6Yq*.k;enr.muñoz@email.net;20/06/1961;58;825,23;No Aplica;4;23;0;Inactivo;Heterosexual
322;María Luisa;Camacho;Mena;M;marialuisacamacho;gwkY=QQ8zd$nWf3;marialuisacamacho@mail.es;10/07/1953;66;;NO;48;13;0;Inactivo;Heterosexual
323;Marta;Baz;Gómez;M;mbaz22;"awM86V-rtpw)DY;";mbaz22@correo.net;22/06/2001;18;;SI;5;70;0;Inactivo;Heterosexual
324;Francisco;Tamayo;Rodríguez;H;tamayo7;MA]%V(Qzu,Z]7,,;tamayo7@mail.com;1/07/1976;43;126,44;No Aplica;71;69;0;Inactivo;Heterosexual
325;Joan;Sebastia;Martínez;H;jsebastia71;:N%{A+LFF8$Xn:[;jsebastia71@email.com;4/08/1961;58;799,92;No Aplica;9;85;1;Inactivo;Heterosexual
326;María;Lara;Mellado;M;marialara;tcjB+fBXX7zKV{n;marialara@email.es;21/06/1946;73;;SI;83;11;1;Inactivo;Heterosexual
327;Rubén;Rodríguez;Palomo;H;rubenrodriguez91;%W[7?_t6!?4)-t%;rubenrodriguez91@correo.es;11/09/1961;58;460,92;No Aplica;99;67;1;Inactivo;Heterosexual
328;Rosa;García;Aznar;M;garcia91;CWz)B$SjDqU{y/R;garcia91@mail.net;30/10/1961;58;;NO;57;80;1;Disponible;Heterosexual
329;Eva María;Serra;Mato;M;evaserra;cW=2RE}.TM9::k2;evaserra@correo.net;14/06/1949;70;;SI;26;46;3;Inactivo;Heterosexual
330;Enrique;García;Domínguez;H;enrgarcia;u}-/:_@NgxzQuqY;enrgarcia@correo.net;11/07/1990;29;135,83;No Aplica;62;42;5;Disponible;Heterosexual
331;Julia;Santamaría;Pérez;M;jsantamaria;%,!VFju4/@]9f)9;jsantamaria@correo.es;29/10/1982;37;;SI;56;31;5;Disponible;Heterosexual
332;Susana;Campos;Mendoza;M;campos37;4*6E!Mbh!hb2+d=;campos37@mail.es;18/01/1985;34;;NO;82;14;1;Disponible;Heterosexual
333;María Carmen;Marín;González;M;marin17;&7%RHggK,F.N5@?;marin17@correo.net;20/11/1961;57;;SI;82;23;0;Inactivo;Heterosexual
334;Rocío;Ortega;Casanova;M;rortega;7f.Xk4_Hb9.cU=6;rortega@mail.es;23/10/1961;58;;SI;72;53;8;Inactivo;Heterosexual
335;Laura;Frutos;Alonso;M;frutos59;"{Wqi%B&k-4;Jb$E";frutos59@email.com;6/12/1993;25;;NO;12;89;2;Inactivo;Heterosexual
336;María José;Romero;Sánchez;M;mariromero;"5VJM)k;%=-uiwDP";mariromero@correo.es;14/02/1954;65;;SI;49;98;0;Disponible;Heterosexual
337;Ángeles;Gimeno;Lloret;M;angelesgimeno;Dz$qna,C!c{%:AB;angelesgimeno@email.com;23/09/2001;18;;SI;100;98;5;Inactivo;Heterosexual
338;María Carmen;Sánchez;Molina;M;marsanchez67;UVaEaJZRq7[U#rB;marsanchez67@mail.com;20/08/1960;59;;NO;15;56;2;Disponible;Heterosexual
339;Santiago;Estévez;Vargas;H;santiagoestevez10;zHw9QE@eQfQQ+p,;santiagoestevez10@mail.net;1/02/1960;59;838,21;No Aplica;94;60;4;Inactivo;Heterosexual
340;Fernando;Bilbao;Bas;H;bilbao58;g2Db$RH)&H_L*jZ;bilbao58@correo.net;9/08/1947;72;712,91;No Aplica;57;41;3;Inactivo;Heterosexual
341;Francisca;Ballesteros;Ruiz;M;fballesteros;e*z(JLA]]tvk.kh;fballesteros@email.net;11/03/1936;83;;NO;4;87;0;Disponible;Heterosexual
342;Dolores;Martínez;Arellano;M;d.martinez;uN&KEAHPf$GiwyC;d.martinez@mail.es;17/03/1978;41;;SI;100;9;1;Inactivo;Heterosexual
343;José Luis;Novo;Cuervo;H;josnovo;_WMQ76Q72:Mf-fx;josnovo@correo.com;23/09/1986;33;886,52;No Aplica;65;16;0;Disponible;Heterosexual
344;Pilar;Urbano;López;M;pilarurbano;_WJU#r!dGYX5S5q;pilarurbano@mail.es;20/02/1963;56;;NO;53;72;6;Inactivo;Heterosexual
345;Ramón;Zamora;Llorente;H;rzamora5;";f{kR/m4,ttr)SX";rzamora5@mail.net;18/01/1939;80;886,65;No Aplica;30;81;2;Inactivo;Heterosexual
346;José Manuel;Mateos;Guillen;H;josmateos;7M/!aC8:M/T4bM};josmateos@correo.com;20/04/1972;47;786,67;No Aplica;60;66;10;Inactivo;Heterosexual
347;Juan;Rodríguez;Domínguez;H;juarodriguez;g[PA+)iKFe+kH,r;juarodriguez@mail.net;9/02/1966;53;388,48;No Aplica;55;65;6;Inactivo;Heterosexual
348;Manuel;Canal;León;H;mancanal;"!;S+@,r4x)G%wLu";mancanal@email.com;27/02/1992;27;107,1;No Aplica;92;72;2;Disponible;Heterosexual
349;Juan;Duran;Pulido;H;jduran;y$Bhyr-aa)}CG,$;jduran@correo.net;10/01/1962;57;691,97;No Aplica;100;34;0;Inactivo;Heterosexual
350;Isabel;Delgado;Carretero;M;isa.delgado;(&(vFW*=nMU!@qH;isa.delgado@correo.net;3/03/1940;79;;SI;65;59;0;Disponible;Heterosexual
351;Mónica;Notario;Quintana;M;mnotario67;$U--gM(#fy+QT[d;mnotario67@mail.net;3/12/1950;68;;SI;87;33;5;Disponible;Heterosexual
352;Begoña;Hernández;Méndez;M;hernandez18;Cyw%7W,ZeSt$q}S;hernandez18@correo.net;21/11/1967;51;;SI;54;82;9;Disponible;Heterosexual
353;Francisca;Calvo;Fernández;M;fracalvo;"3;CW$)SC$Z3Ez7G";fracalvo@correo.com;31/01/1945;74;;NO;70;56;8;Inactivo;Heterosexual
354;Marta;Marcos;Hernández;M;martamarcos94;N4baUV8!#KRVcm{;martamarcos94@correo.com;10/07/1964;55;;SI;87;89;3;Inactivo;Heterosexual
355;Luis;Jordán;Moreno;H;luisjordan;"w*%v3!X!b;E+Hmk";luisjordan@correo.com;7/09/1958;61;606,33;No Aplica;54;20;0;Inactivo;Heterosexual
356;María;González;Carmona;M;mgonzalez83;-QB7=6%A+kjj{GT;mgonzalez83@mail.net;13/10/1977;42;;NO;63;61;9;Disponible;Heterosexual
357;Isabel;Moreno;Suarez;M;isabelmoreno;]#HP5qq7WMZ@CHt;isabelmoreno@email.es;17/11/1935;83;;NO;33;90;5;Inactivo;Heterosexual
358;Sonia;López;Salas;M;sonlopez86;"-MaB_(XqbLhZ;7v";sonlopez86@email.es;28/09/1938;81;;SI;62;27;3;Inactivo;Heterosexual
359;José;Bautista;Doblas;H;josbautista76;8zYEi9kW/_rrvaM;josbautista76@email.com;13/04/1957;62;775,37;No Aplica;36;19;0;Disponible;Heterosexual
360;María Carmen;Gregorio;Carbonell;M;gregorio5;yV!V:r:Jc2*afb?;gregorio5@correo.es;24/03/1958;61;;SI;41;13;0;Inactivo;Heterosexual
361;Montserrat;Marcos;Gutiérrez;M;mmarcos29;w@FLz.25N[8AgX!;mmarcos29@mail.es;20/04/1985;34;;SI;2;4;0;Inactivo;Heterosexual
362;Javier;Ibarra;Rubio;H;javieribarra;+aMw2*dD5v/}8Q/;javieribarra@mail.es;27/03/1935;84;510,62;No Aplica;62;99;1;Disponible;Heterosexual
363;María Teresa;Báez;Higuera;M;mbaez;P*9jJFz&v@-WBN[;mbaez@email.es;3/10/1947;72;;SI;55;47;6;Disponible;Heterosexual
364;Eduardo;Caballero;Lara;H;edu.caballero;H,[#+Pt#nKrLn)H;edu.caballero@mail.net;26/10/1951;68;616,79;No Aplica;34;84;3;Disponible;Heterosexual
365;Ana Isabel;Diez;Llop;M;andiez31;"8,.r7#@#:ji;*x5";andiez31@mail.com;5/09/1997;22;;SI;100;80;0;Inactivo;Heterosexual
366;Sergio;Díaz;Simón;H;sergiodiaz46;!FxG@aj{H-:k.wy;sergiodiaz46@correo.com;30/09/1936;83;442,93;No Aplica;12;91;2;Disponible;Heterosexual
367;Isabel;Valls;Corbacho;M;valls41;)AXkRK]tRuxA*rp;valls41@mail.net;17/12/1993;25;;NO;90;90;8;Disponible;Heterosexual
368;Isabel;Fernández;Amador;M;isabelfernandez80;uhdYMnXHSH[jcTZ;isabelfernandez80@mail.com;29/10/1947;72;;NO;41;76;4;Inactivo;Heterosexual
369;Fernando;Mateos;Quintero;H;f.mateos;]}H4U?n&!pHH5N7;f.mateos@email.es;3/01/1948;71;655,08;No Aplica;80;12;0;Inactivo;Heterosexual
370;Silvia;Méndez;González;M;silviamendez;]w}c+YZmdX{FZ_g;silviamendez@mail.net;2/05/1992;27;;SI;15;49;1;Inactivo;Heterosexual
371;José Luis;Miñana;Hernández;H;jos.miñana;r@.a.DEJw*p-G!J;jos.miñana@mail.com;6/10/1984;35;769,65;No Aplica;94;15;0;Disponible;Heterosexual
372;Inmaculada;González;Cano;M;inmaculadagonzalez;K*BmikHY+e_@}Mx;inmaculadagonzalez@mail.net;13/11/1976;42;;NO;84;45;2;Disponible;Heterosexual
373;Lucia;Aguilar;Gutiérrez;M;laguilar;ecCkEvdWr-2@Pp[;laguilar@mail.com;6/06/1947;72;;NO;31;25;3;Inactivo;Heterosexual
374;Álvaro;Rodríguez;Molina;H;rodriguez78;"dzBC$uh.ba)z)p;";rodriguez78@correo.net;23/02/1982;37;412,41;No Aplica;47;96;7;Disponible;Heterosexual
375;José Luis;Sáez;Soto;H;j.saez;[kPRQ-a=rm]ABPq;j.saez@correo.com;6/03/1974;45;649,02;No Aplica;55;74;4;Inactivo;Heterosexual
376;Rafael;Da Costa;Sánchez;H;d17;c%%nW9A[yn!V.-H;d17@correo.com;27/10/1953;66;194,99;No Aplica;13;93;0;Inactivo;Heterosexual
377;Concepción;García;Matas;M;garcia11;k4hdK.9f@g7Pfp6;garcia11@correo.es;28/11/1958;60;;NO;22;84;3;Inactivo;Heterosexual
378;María Luisa;Montes;Rojas;M;mmontes72;"5_Xq(Eang[:;XBA";mmontes72@email.net;31/10/1939;79;;NO;3;81;0;Inactivo;Heterosexual
379;Francisca;Pérez;Barrera;M;fraperez;#�NOMBRE?;fraperez@mail.com;23/08/1981;38;;SI;37;69;2;Disponible;Heterosexual
380;María Carmen;Ros;Vicens;M;mariros;bu5}d=Kt:GA:yH4;mariros@mail.es;8/01/1967;52;;NO;94;74;8;Disponible;Heterosexual
381;Manuel;Pastor;Delgado;H;manuelpastor;"HaYw_;#6!X+V#8J";manuelpastor@correo.net;22/12/1993;25;792,2;No Aplica;7;3;0;Disponible;Heterosexual
382;María Teresa;Luque;Enríquez;M;marluque;4/##-N./2W7ny?T;marluque@mail.es;7/03/1946;73;;NO;46;39;5;Inactivo;Heterosexual
383;Jesús;Porras;Toscano;H;jesus.porras;A.=:*_&at??K/n#;jesus.porras@mail.es;19/11/1941;77;835,97;No Aplica;68;97;2;Disponible;Heterosexual
384;Jesús;Cabello;Alfonso;H;j.cabello;"ATS=J24.D{L]E;y";j.cabello@correo.es;19/07/1945;74;797,02;No Aplica;43;3;0;Inactivo;Heterosexual
385;Ángela;Álvarez;Fernández;M;angalvarez;&vpH..56J8}maM3;angalvarez@mail.net;6/02/1942;77;;NO;8;73;1;Inactivo;Heterosexual
386;José;Duran;Diz;H;jose.duran;#Dj]xLD#Z()*quU;jose.duran@email.net;7/01/1973;46;288,18;No Aplica;26;62;2;Disponible;Heterosexual
387;Pedro;Suarez;Moran;H;pedrosuarez;TraR#2G3UBjz*EW;pedrosuarez@email.net;10/11/1937;81;122,92;No Aplica;22;11;1;Inactivo;Heterosexual
388;Josefa;Vidal;Portillo;M;josefa.vidal;ccHZ,2%L*SGwzw];josefa.vidal@mail.net;20/07/1956;63;;SI;60;50;8;Disponible;Heterosexual
389;Manuela;Díaz;López;M;mandiaz;[mn._5wu]6[uNRB;mandiaz@email.es;4/02/1971;48;;NO;35;20;1;Disponible;Heterosexual
390;Javier;Madrid;Arroyo;H;jav.madrid;2bWZR=xHf],*KnC;jav.madrid@correo.net;4/01/1966;53;607,96;No Aplica;37;85;1;Disponible;Heterosexual
391;José;Martínez;Lorente;H;josemartinez100;?-:aRxSfUU8y:(*;josemartinez100@mail.es;9/02/1941;78;192,77;No Aplica;65;36;5;Inactivo;Heterosexual
392;Enrique;Merino;Hernández;H;e.merino;J&**hT55jLmxEBe;e.merino@mail.com;14/01/1937;82;116,04;No Aplica;34;55;2;Disponible;Heterosexual
393;Yolanda;Acero;Núñez;M;acero75;%dmx[G5+b//DahZ;acero75@mail.com;7/03/1963;56;;SI;27;21;3;Disponible;Heterosexual
394;Laura;Pereira;Pascual;M;pereira33;)AT8?pDi5:F?abb;pereira33@email.com;19/02/1965;54;;NO;92;52;1;Inactivo;Heterosexual
395;Roberto;Benítez;Torres;H;robbenitez40;"c)iZ){K=X/_L?D;";robbenitez40@mail.net;11/10/1979;40;626,06;No Aplica;27;36;2;Inactivo;Heterosexual
396;Salvador;Jordán;Rodríguez;H;saljordan;qY9@byM&PuFTyja;saljordan@email.es;17/08/1941;78;961;No Aplica;22;62;1;Inactivo;Heterosexual
397;Manuela;Rojo;Guillen;M;manuelarojo64;"LMa#q4ed?;YBH+-";manuelarojo64@mail.com;5/01/1982;37;;SI;23;100;1;Inactivo;Heterosexual
398;Rocío;Fernández;Rodríguez;M;rociofernandez;G)@+gVD6wg$niSR;rociofernandez@mail.com;27/01/1989;30;;NO;79;55;9;Disponible;Heterosexual
399;Francisco;Recuero;De las Heras;H;franciscorecuero;"6J?hu?2tG=i;nLM";franciscorecuero@mail.net;14/09/1939;80;360,95;No Aplica;2;63;0;Disponible;Heterosexual
400;Ángel;Arango;Alsina;H;angel.arango;.$y)bu(b!2Z2?T9;angel.arango@email.es;17/05/1951;68;543,47;No Aplica;3;93;0;Disponible;Heterosexual
401;Francisca;Conde;González;M;fraconde;i25=]G5]TrXLFfi;fraconde@mail.net;9/12/1959;59;;SI;16;8;0;Disponible;Heterosexual
402;Cristina;Benavente;Montes;M;benavente39;N+_V?nZV69]pZtX;benavente39@correo.net;11/05/1955;64;;SI;28;80;0;Inactivo;Heterosexual
403;José;López;Ventura;H;lopez26;,qw%&[N4p(n#S.];lopez26@mail.es;3/01/1944;75;725,89;No Aplica;23;52;0;Inactivo;Heterosexual
404;Javier;Cortes;Jiménez;H;cortes76;_EWCY+WWcTGeabY;cortes76@correo.com;4/04/1956;63;952,4;No Aplica;27;45;2;Disponible;Heterosexual
405;José;Mayo;Hernández;H;may-74;"7e8v$JvSH67F45;";mayo74@mail.com;22/08/1956;63;691,12;No Aplica;76;86;9;Disponible;Heterosexual
406;Josefa;Parada;Nieves;M;jparada26;:$8i-HD$tCe[S[(;jparada26@correo.net;26/01/1976;43;;SI;41;60;3;Disponible;Heterosexual
407;Antonio;Baños;Rodríguez;H;antoniobaños36;";hCa&52?(t+Ei4T";antoniobaños36@email.es;27/05/1995;24;793,66;No Aplica;24;51;4;Inactivo;Heterosexual
408;Jaime;Jiménez;Martin;H;jimenez37;HCD_!Bq@%R[7]=P;jimenez37@correo.com;7/11/1997;21;312,22;No Aplica;18;16;0;Disponible;Heterosexual
409;Pablo;Sánchez;Arrieta;H;psanchez;"A;=Nxmnz(fgRr[b";psanchez@email.com;16/05/1961;58;925,95;No Aplica;57;77;6;Inactivo;Heterosexual
410;Dolores;Egea;Macho;M;dolegea22;c_N=]AbG#w3]W9v;dolegea22@correo.net;24/01/1950;69;;SI;79;81;13;Disponible;Heterosexual
411;Salvador;Alonso;Pérez;H;sal.alonso;jvwM=bk4]?z@LjZ;sal.alonso@email.net;21/06/1998;21;957,85;No Aplica;36;96;0;Disponible;Heterosexual
412;María Teresa;García;Martin;M;margarcia;";%V=(}K]k]DZXJp";margarcia@correo.com;8/07/1962;57;;NO;58;10;1;Inactivo;Heterosexual
413;María Carmen;López;Jurado;M;mlopez32;X_%aiZeYiD!P]jB;mlopez32@email.com;17/11/1996;22;;SI;13;3;0;Disponible;Heterosexual
414;Ana María;Ortiz;Sánchez;M;anortiz;$J4Xq-BwffX7n8Z;anortiz@correo.es;2/11/1992;26;;NO;19;39;1;Inactivo;Heterosexual
415;Juana;Fernández;Lozano;M;juafernandez52;S$3eyH@{rc57M{S;juafernandez52@mail.com;4/12/1977;41;;NO;46;85;6;Inactivo;Heterosexual
416;Javier;García;Alcaraz;H;javgarcia92;Qi4WNVqA=Ta=86_;javgarcia92@email.com;13/04/1969;50;160,08;No Aplica;13;9;1;Disponible;Heterosexual
417;Susana;Otero;Riveiro;M;sus.otero;ev65_vLM-zrk2Le;sus.otero@mail.es;2/04/1995;24;;SI;69;40;5;Inactivo;Heterosexual
418;Aitor;Serrano;Blanco;H;ait.serrano;c{9y{:AU,E[z87#;ait.serrano@mail.es;23/10/1961;58;638,65;No Aplica;40;52;2;Disponible;Heterosexual
419;Carlos;Pinedo;Abella;H;cpinedo;"i8z43Z)B;e_aMTT";cpinedo@mail.net;25/01/1966;53;347,88;No Aplica;98;24;3;Inactivo;Heterosexual
420;Marta;García;Ojeda;M;mgarcia6;}GZkyjXa3CuQ573;mgarcia6@mail.com;8/07/1987;32;;NO;41;62;3;Inactivo;Heterosexual
421;Cristina;Moreno;Santana;M;cmoreno36;yZMCh4*E_S)%hmR;cmoreno36@correo.es;30/10/1957;62;;NO;92;78;1;Inactivo;Heterosexual
422;Francisca;Coll;Blanco;M;fra.coll;=.xK]jzYH&UGeA!;fra.coll@mail.es;10/10/1952;67;;NO;13;23;1;Inactivo;Heterosexual
423;Jorge;Míguez;Bueno;H;jorge.miguez;p(ti*p9,(:(?3Zr;jorge.miguez@email.es;16/09/1992;27;811,23;No Aplica;61;32;4;Disponible;Heterosexual
424;Santiago;Quirós;Vivas;H;squiros;NKF8,WFw(tXGAt$;squiros@email.com;6/11/1937;81;617,15;No Aplica;10;78;1;Inactivo;Heterosexual
425;Lucia;Gracia;Caballero;M;gracia70;aQfi6h-B[?FT/JJ;gracia70@email.com;2/07/1980;39;;NO;59;23;3;Disponible;Heterosexual
426;Alberto;Montoro;Carmona;H;montoro7;_RVG6R:w4}Ua49?;montoro7@email.net;13/08/1948;71;693,48;No Aplica;25;43;4;Inactivo;Heterosexual
427;Ana;Boix;Mesa;M;ana.boix;"apyX;UQJi{v4cH,";ana.boix@email.com;10/10/1981;38;;NO;17;92;1;Disponible;Heterosexual
428;Cristina;Prado;Catalán;M;prado15;C3(5(@U6t+Yfa@+;prado15@mail.es;22/04/1955;64;;NO;25;58;2;Disponible;Heterosexual
429;María Dolores;Martínez;Rodríguez;M;mariadolores.martinez;uFG+5m#!.rVHY$!;mariadolores.martinez@email.net;5/10/1961;58;;SI;20;83;0;Inactivo;Heterosexual
430;Ramón;Fernández;Garmendia;H;rfernandez;"A#}i;)(zDXH)(=[";rfernandez@mail.com;13/04/1981;38;944,29;No Aplica;29;97;3;Inactivo;Heterosexual
431;Jesús;Andrés;Rodríguez;H;jandres;-%9UM7rK%}!-Vpj;jandres@email.es;22/02/1935;84;580,28;No Aplica;58;93;9;Disponible;Heterosexual
432;Yolanda;Sánchez;Núñez;M;yolsanchez;)RK?gc6x:[8=MpP;yolsanchez@mail.es;18/11/1986;32;;SI;57;90;8;Inactivo;Heterosexual
433;Laura;López;Martínez;M;lauralopez;fkS@_.Ur4/w]{[m;lauralopez@email.com;23/09/1945;74;;SI;96;34;3;Inactivo;Heterosexual
434;María Ángeles;Guerrero;Fernández;M;mariaangelesguerrero8;/fCM/)*?S4tA/9D;mariaangelesguerrero8@correo.net;29/11/2001;17;;NO;39;94;5;Inactivo;Heterosexual
435;Ana María;Sanz;Recio;M;anasanz77;";,W5*T=zYyXd6+U";anasanz77@correo.es;27/11/1941;77;;SI;48;21;1;Inactivo;Heterosexual
436;María;Calero;Bernal;M;marcalero;NBrDbPG6[3gq$hW;marcalero@mail.es;23/03/1971;48;;NO;100;32;5;Inactivo;Heterosexual
437;Diego;Rodríguez;Sanz;H;drodriguez;#EM3xBt5R$vVT7Y;drodriguez@mail.com;18/12/1991;27;253,88;No Aplica;86;35;4;Inactivo;Heterosexual
438;Teresa;Luque;Maza;M;tluque;";-m]yZRbM)(HB_{";tluque@mail.com;14/06/1940;79;;SI;59;38;5;Inactivo;Heterosexual
439;Laura;Pereira;Gómez;M;pereira53;:E+:$5Bkrh68JSu;pereira53@correo.es;25/11/1980;38;;NO;40;60;3;Disponible;Heterosexual
440;Antonio;Salvador;Rodríguez;H;salvador97;e}p+3LThRiFMvT4;salvador97@correo.net;20/12/1992;26;79,16;No Aplica;81;37;5;Inactivo;Heterosexual
441;Ana;Fernández;Moral;M;anafernandez;fw[Zf}Vd$S.xaHX;anafernandez@email.es;11/12/1980;38;;NO;70;64;5;Inactivo;Heterosexual
442;Ana;Álvarez;Campo;M;anaalvarez;"g;f(fV2Z=piFEvW";anaalvarez@correo.com;14/11/1950;68;;NO;93;67;10;Disponible;Heterosexual
443;Juana;Navarro;Gutiérrez;M;juanavarro;kzECe2V}g_2PJL(;juanavarro@mail.net;27/04/1986;33;;NO;80;41;1;Disponible;Heterosexual
444;Josefa;Rodríguez;Fernández;M;josefa.rodriguez;e-$jd@[t]:h[$/g;josefa.rodriguez@mail.com;6/04/1971;48;;NO;12;18;0;Inactivo;Heterosexual
445;Elena;Rodríguez;Fernández;M;elerodriguez;&H_TAKq(SUDeQwG;elerodriguez@correo.es;18/01/1981;38;;NO;20;32;1;Disponible;Heterosexual
446;Antonia;Blanco;Ayuso;M;antonia.blanco;ytUEY!e.XTC9N[4;antonia.blanco@mail.com;27/09/1968;51;;NO;34;23;2;Inactivo;Heterosexual
447;Unai;Jurado;Rivera;H;unai.jurado;:TPbQ?79zTf-9_B;unai.jurado@email.com;22/02/1964;55;718,21;No Aplica;70;61;1;Disponible;Heterosexual
448;Pablo;Gutiérrez;Camarasa;H;pgutierrez;)N)g&a-ij,{vvyB;pgutierrez@correo.es;2/10/1937;82;69,94;No Aplica;46;22;1;Inactivo;Heterosexual
449;Luis;Roldan;Martin;H;lroldan95;"vWqcQCV;9P!+rHp";lroldan95@email.com;1/06/1988;31;363,36;No Aplica;70;96;10;Disponible;Heterosexual
450;Juan José;Martin;Fernández;H;juamartin;]9t[k?Qnptyy$=6;juamartin@correo.net;13/01/1982;37;260,89;No Aplica;22;23;1;Inactivo;Heterosexual
451;José;Albaladejo;Ferrando;H;josalbaladejo;X,)9/x3g/uk6G4m;josalbaladejo@mail.es;28/04/1959;60;384,05;No Aplica;84;23;2;Inactivo;Heterosexual
452;Antonio;Arrebola;Bermejo;H;arrebola69;_)Saz$S$ZNvyuv6;arrebola69@email.net;31/10/1941;77;929,98;No Aplica;19;67;3;Disponible;Heterosexual
453;Alicia;Berlanga;Díaz;M;alicia.berlanga;Ln4vmm3zEJbVh&Q;alicia.berlanga@correo.com;24/01/1952;67;;SI;83;98;0;Disponible;Heterosexual
454;Carlos;Ariza;Martínez;H;carlos.ariza;Ci?}7A6Mukm4d2a;carlos.ariza@email.es;23/06/1997;22;782,64;No Aplica;49;69;2;Inactivo;Heterosexual
455;José;Martínez;Torres;H;josemartinez35;Z8mV?96/q%bmX=P;josemartinez35@email.com;27/12/1970;48;395,32;No Aplica;10;61;0;Inactivo;Heterosexual
456;María;Sanz;Ortega;M;mariasanz23;"}g/;uJH7)C!c{L{";mariasanz23@mail.com;22/06/1968;51;;SI;84;30;1;Disponible;Heterosexual
457;Antonia;Diez;Ruiz;M;antoniadiez;@QuCRA/:.umL9tZ;antoniadiez@correo.es;29/08/1957;62;;NO;60;41;3;Disponible;Heterosexual
458;María Pilar;Pérez;Álvarez;M;mperez;F{[%wR%#!k/t3*[;mperez@email.com;2/10/1950;69;;SI;84;92;0;Disponible;Heterosexual
459;Manuel;Olivera;Catalán;H;molivera;NF-V_BQK52hL7z:;molivera@mail.com;15/10/1945;74;828,71;No Aplica;43;79;2;Inactivo;Heterosexual
460;Ángel;Santana;Pitarch;H;asantana;UXPC%fyF{$eL&Tj;asantana@correo.net;6/08/1993;26;720,12;No Aplica;53;93;5;Inactivo;Heterosexual
461;Manuel;Saavedra;Ortega;H;manuelsaavedra61;?a_cxe)XUPq8gzR;manuelsaavedra61@mail.net;17/07/1979;40;289,95;No Aplica;16;27;0;Inactivo;Heterosexual
462;Miguel;Ivanova;Hurtado;H;ivanova85;BWGEAcjFA7]%Jp2;ivanova85@email.com;25/08/1959;60;309,26;No Aplica;80;47;7;Disponible;Heterosexual
463;María Dolores;González;Verde;M;gonzalez11;GmU@,kk:-GUD}Z_;gonzalez11@mail.es;28/02/1944;75;;NO;47;89;3;Disponible;Heterosexual
464;Rocío;Del Valle;Ribera;M;r.de;[C%v$cq,/k&2*:r;r.de@mail.net;25/02/1985;34;;SI;73;99;0;Inactivo;Heterosexual
465;Carlos;Carrasco;Da Silva;H;carloscarrasco;$ZAX/d&-=!9@?MQ;carloscarrasco@email.net;26/08/1980;39;874,98;No Aplica;53;92;1;Inactivo;Heterosexual
466;Juan Carlos;Galindo;Santana;H;juagalindo;P,u[2PyrjNM_:_9;juagalindo@correo.net;13/12/2001;17;717,09;No Aplica;35;59;3;Disponible;Heterosexual
